LCDS Mention,Link,Date Available Online,Type,Source,Name,Snippet
Beyond Myths: Addressing Real Concerns About Contraception and Future Fertility - Population Council,https://news.google.com/rss/articles/CBMiakFVX3lxTFBBQmMyLWNwel9Wcm1EckkxSWxRRG93ODN1TWc4MW1kdnRacjlMcGdiV1Z1WklGcF95ZkYxby1mTlMxOENqYWJZX0k3MWpORTRDb19yYWFEYUxfSUg0SDlQQUxWczRmWm9jbnc?oc=5,2026-06-30,Research Coverage,Population Council,Hampton Gaddy,Beyond Myths: Addressing Real Concerns About Contraception and Future Fertility    Population Council
We Are Our Memory: A Flexible Framework for Quantifying the Demographic Imprints of the Past - Population Council,https://news.google.com/rss/articles/CBMimwFBVV95cUxOaW5KSVRTXy1uU1FBb0dDNjY3eGJFOFpBREgyTGgtUDhKdW1hUEV6cC1IMHFIaDAxbjVMOXAwT1p4NlpuVHlVdWNmeGExcFVYeEhNXzExalNrbXZuUFBoOWVHSU1EVkpEYVhqV3BMU0RtazYyV3E1RjRCYklCRk1VMXhtVHZ3Z3ltXzNMUHNOVGhiWnFrQzZYNVFwMA?oc=5,2026-06-25,Research Coverage,Population Council,Hampton Gaddy,We Are Our Memory: A Flexible Framework for Quantifying the Demographic Imprints of the Past    Population Council
"Different school systems can alter the role of genetics in academic success, new research indicates - PsyPost",https://news.google.com/rss/articles/CBMiwAFBVV95cUxPNkRiLVhVMG1CZ1ZGNk40cTlYVTdZRE44UzRzNEFqeVRlbkEyV2V3emNmVEV2dlJpNkkyaGU2bGVRaHc3NEhMVXpFaFBHTUo2U3ZuRUxydV82SkFCVGhfczNNQldFS2locEhIdUMzS1o2VTVfdG5uUjhuZEtjV3VPM0xIY3pqcHNxcHlxVldwcXlpc3FXYlc1aUFDR3g4dGJBcmRNbFBXOU1fdlZZOGpjZ2xYMEotTzBEYkVTaVpqRUk?oc=5,2026-06-14,Research Coverage,PsyPost,Kim Stienstra,"Different school systems can alter the role of genetics in academic success, new research indicates    PsyPost"
Authors’ academic but not personal expertise or gender affect message credibility in science communication - Nature,https://news.google.com/rss/articles/CBMiX0FVX3lxTE9zX3dBUFhSWHhrNmFvem5fUl9RcEhuRlNNbFVCaWo2MENPQ3g5RHAwS0lOcUVPOXRwTmtPRi1kajFZREFlai1TQXdXVmFjZ0duSmszUzY3RDY4eTBuOEh3?oc=5,2026-06-10,Research Coverage,Nature,Valentina Rotondi,Authors’ academic but not personal expertise or gender affect message credibility in science communication    Nature
How High Temperatures Are Changing Who Gets Born - Population Reference Bureau,https://news.google.com/rss/articles/CBMif0FVX3lxTE12c2dxOEEzbVFJd3dlQ0VnRERXaC1ld3pidDM3X1VDOUljLUo1Z2liOUhOc3FlUDhlU3lIUGRMcjNlM0M1RUFnR2x5VlFpZHNLcGE2TVNNNjRqMVJfSlB5Nk5wSUVqRzQ0R0s3clBtY3VJV0FCM1ljU0JIejE2bUE?oc=5,2026-06-04,Research Coverage,Population Reference Bureau,Jasmin Abdel Ghany,How High Temperatures Are Changing Who Gets Born    Population Reference Bureau
How High Temperatures Are Changing Who Gets Born - Population Reference Bureau,https://news.google.com/rss/articles/CBMiW0FVX3lxTFByMEhzSUtkbHY1Nk80VURWR1Fzdk5PZkhkT1I1eVVKRk9yVG1GN0pFVXk0Wl9pNUxyQkF1dzJjdUk4Y09RcUM5a05odWh6WVhLLXZYZ0VyU0paLXc?oc=5,2026-06-04,Research Coverage,Population Reference Bureau,Ridhi Kashyap,How High Temperatures Are Changing Who Gets Born    Population Reference Bureau
From awareness to action: a three-phase model for gender-sensitive STEM teaching - Nature,https://news.google.com/rss/articles/CBMiX0FVX3lxTFByRlQxMDlwMjE2YmxJLXhMTmx3UUV4cnNWS2g2NVJsd2tDQkxsVnQxRFFia2tLMnR1QUk4UTFFZDh4Nnl0LXV6eDVzQUY5TXNKSnI1bldyck9SZGRjcEtJ?oc=5,2026-06-03,Research Coverage,Nature,Valentina Rotondi,From awareness to action: a three-phase model for gender-sensitive STEM teaching    Nature
Enabling secure discovery in trusted research environments with improved tooling - Nature,https://news.google.com/rss/articles/CBMiX0FVX3lxTFBxb0VkMG9ZaHR3VFZFOVNkMVZpMTgwMmliRFNSTVRfUUdkemVkc2FVRTNteDI1QWV3OUpMS1BrNnJjV0U0aFBVT2hQTjJvRWlCNWJ6Z1RySEIzVXhJeGYw?oc=5,2026-05-26,Research Coverage,Nature,Melinda Mills,Enabling secure discovery in trusted research environments with improved tooling    Nature
Research show worsening health trends for post-1946 generations - News-Medical,https://news.google.com/rss/articles/CBMisAFBVV95cUxONXNtNXJQa1VfTVdkR2FRQnNWeFR1OXFoOHFGUnRtZEYxZGI2SThyM3BEVGtDVTFSSGlDWUN2MHlETVYya0JrWFZPYkhnSm5BSjMtU05VZHB6SmlkS1k3d1VheWg2NExBLUF1Y0pwYk9RaE9BZmN6N0NzTHVKNWxqa21Md1FRdkZGMXdXMnVxWjBtY1o0aEs5cHB3X0hmRHRHZlZqVS13RElGQWJlbTZIRQ?oc=5,2026-05-22,Research Coverage,News-Medical,Jennifer Beam Dowd,Research show worsening health trends for post-1946 generations    News-Medical
"UK's younger generations likelier to experience poor health earlier in life than previous cohorts, research shows - Medical Xpress",https://news.google.com/rss/articles/CBMihwFBVV95cUxPNlp2ZEd3YmVmTFNDal8tbDRoNVBISGhacHlIZDU5RUpuMXZhZGdHd0kxektVTHRUc0NxYWxvTG5TWWxwY3RjM08yc1lNT1NyZUoxMGVDdldRdm9Xc3dYTVB2NVhmNTBCTnJQVHNPVUFlQko4Q1d5TUxkUGlXbDliM0ZVS0RtQjQ?oc=5,2026-05-21,Research Coverage,Medical Xpress,Jennifer Beam Dowd,"UK's younger generations likelier to experience poor health earlier in life than previous cohorts, research shows    Medical Xpress"
Polygenic risk scores are not genetic predispositions - Nature,https://news.google.com/rss/articles/CBMiX0FVX3lxTE9nTEJxNlhDLWo2V2h5TlppSUtWVGx6c0lmVE0tWERjdmV0d25yYXNGX1ptMURrYjNZNERlbFR1TEtQTWw0X3NZeHdzLWxaRmQwVk5zNHp3ODhEV2xWZEE0?oc=5,2026-05-18,Research Coverage,Nature,Vincent Straub,Polygenic risk scores are not genetic predispositions    Nature
"Congratulations, it’s a girl - The Hindu",https://news.google.com/rss/articles/CBMirgFBVV95cUxQaVJDV2ZRUkt5eEdwNHgwcUd0NnhEZHo5c0RiMnlhTE9MclZCNjdiTTd1Y1pSUnFYQXUxVUplY2lJR2NQMnoxUTB2Tl8xYjFxVzJfNTY2NEpkaC1hZDU3ckdUU0J6YzFIU0VLWlhha0lZUXJwTVFLNlUyUXczX0JTaGEzWjNIV045Z05fbnNiVzJfeGRCSmpNQ1NXdGNPbkppN3FFaGVIbWI5ZUs2TGfSAa4BQVVfeXFMUGlSQ1dmUVJLeXhHcDR4MHFHdDZ4RGR6OXNEYjJ5YUxPTHJWQjY3Yk03dWNaUlJxWEF1MVVKZWNpSUdjUDJ6MVEwdk5fMWIxcVcyXzU2NjRKZGgtYWQ1N3JHVFNCemMxSFNFS1pYYWtJWVFycE1RSzZVMlF3M19CU2hhM1ozSFdOOWdOX25zYlcyX3hkQkpqTUNTV3RjT25KaTdxRWhlSG1iOWVLNkxn?oc=5,2026-05-18,Research Coverage,The Hindu,Jasmin Abdel Ghany,"Congratulations, it’s a girl    The Hindu"
"Congratulations, it’s a girl - The Hindu",https://news.google.com/rss/articles/CBMipwFBVV95cUxOTldpUld1bFB1SWpTR2VwRmFmN2RGOS1SRTRhMXFQQU8tbXFTYUhNclM3TmN3N3A1R1o3N0xmTHVrN2pRX2gxQWdHX2pVMUxPME5kYU5jeWMzWFhKSmE4SjBvM2w4WDB3aFFEWDQ0VjZvMEpFb0NMS0RaUktLNU5tZXJDOHNvUlllTDBwY1NzdDQ3Z1ZoZExWMWxnWXVtcHZIdldJOXhtONIBrgFBVV95cUxQaVJDV2ZRUkt5eEdwNHgwcUd0NnhEZHo5c0RiMnlhTE9MclZCNjdiTTd1Y1pSUnFYQXUxVUplY2lJR2NQMnoxUTB2Tl8xYjFxVzJfNTY2NEpkaC1hZDU3ckdUU0J6YzFIU0VLWlhha0lZUXJwTVFLNlUyUXczX0JTaGEzWjNIV045Z05fbnNiVzJfeGRCSmpNQ1NXdGNPbkppN3FFaGVIbWI5ZUs2TGc?oc=5,2026-05-17,Research Coverage,The Hindu,Ridhi Kashyap,"Congratulations, it’s a girl    The Hindu"
How to Smuggle Climate Into Blockbusters—A Screenwriters’ Huddle in Mumbai - Kashmir Times,https://news.google.com/rss/articles/CBMivwFBVV95cUxOaFk0cEpHMmVWWEpYNDFCMmFaQlp1VTA3NGItWXN5c1doRDF5MzdHblg3ZzJOV3EwZUcybTBRcEZhTkhqTFYyY3JPd2NxNE5fNlJzaTVHSEVjU3VURC1xak1CenhuM195TjFoX25PUXVGbU10b3ctVDdjUkhFa3pobkRNWkdLdzFXWDZzbEVBMmFzc2h2V1pnUnk1U0xXdU1SRVNFVWs4a1JkVnM0c0FaX3ctMXpHUkxhUEFQVWhXa9IBzAFBVV95cUxNOU1xTmlmZ3Zkb1Vja0ttS1MtYkVmbWtQZHdvcVp2VDVfYWhsc1YtNGpPeDVucklTekxxUmdSckt4YmtleFlDMzdTV2FyUXp1Mm5pa3N0Ry03bUtCa0xCaV9QTERfOF9qelRpME5YMVQtcTN5Y1I3ckNGVzdQV05WQ1dsS3JReExJVTYtU19udGtIRmIzYTVBR3JEdU93Y2laYTl2dU9aYXVZdjJXcGYzbFFPcEVRdC04Y1pFdWVCeWNpVFNkNHg4eW0xWGg?oc=5,2026-05-16,Research Coverage,Kashmir Times,Jasmin Abdel Ghany,How to Smuggle Climate Into Blockbusters—A Screenwriters’ Huddle in Mumbai    Kashmir Times
Early-career-researcher-led best practices for social science and behavioural genetics - Nature,https://news.google.com/rss/articles/CBMiX0FVX3lxTE83TVNfOUhaNklOY25xbUdNNjNlNmhva0JXWTdMMlhOMUczT3VyMV9EODdTX1J3ZmkzUTkzNzRSV1lJcUpUY3hjTlhCVjMyWTVHRTlENHV3d0tnUHRLVlJN?oc=5,2026-05-14,Research Coverage,Nature,Vincent Straub,Early-career-researcher-led best practices for social science and behavioural genetics    Nature
Rising temperatures affect sex ratio at birth — English - Unibo Magazine,https://news.google.com/rss/articles/CBMiiwFBVV95cUxPbEdTMDB4dmV1RHNFdk5wR3F5cTNXMHdiLUIzTzc2YUFLdl91bE1XY3l0SFJ5T3hIYnZreGFZam8wV3pnNWlocEk2UDZEc3BxZmQ2VGNMUDN2YkkwcUgwa1dLdW1BVGtab3VIMVVXVy1JeUdFak5iOEpnbktZUjgyOFFyUXZ6YzhKa1cw?oc=5,2026-04-27,Research Coverage,Unibo Magazine,Jasmin Abdel Ghany,Rising temperatures affect sex ratio at birth — English    Unibo Magazine
"Rising temperature may shift sex ratios at birth, analysis of five million births finds - MSN",https://news.google.com/rss/articles/CBMi_wJBVV95cUxOdk1LT0x1akNFTFhNUlo2cl9FQkItLWlPT1NRaEYyLWZOX2d1dXN3d1FBblpDYzJZQkw4MUJRVEZPQ21IUlNXVFF0Y19Kc29rQmlZRVZPVTVhQ0dvdlAyQk9UZGRYTkJ4YVZEcF8tVkRNMXNqQV81VGt5OUI4NGZfQ2lENm9HMVo0UmZ2aEg3OWxueXM2aGZ1RmVScGhXN2ZuZWhqeEpwY2hvYnp3MktuQmYydGlIS2xIQ01IN3FsWjUwRHRKV215NUtuZ2Z6dTM3dTRxcDZlcnRuSS1hbGkwOW4wWW1kbi1DZG9BYklUWDZhOEFmNjBJOFJMdzlHNzM0MVpDbTA4NjRpbUR0TDRrN3VMaV9iakdOYlhnMEljQTluYTVpQWNjUElrOUZ3bzhna3JHWkNkemZmbW1ZSm9BaG1xcTRZQks0LXZNcEVJQllRSjdNZG1aSEU2Wnpac0tYYnhfQ0lIVmJmUE96YXh4d212bTdEdnFPdFZyVnJyRQ?oc=5,2026-04-24,Research Coverage,MSN,Ridhi Kashyap,"Rising temperature may shift sex ratios at birth, analysis of five million births finds    MSN"
"Rising temperature may shift sex ratios at birth, analysis of five million births finds - MSN",https://news.google.com/rss/articles/CBMigANBVV95cUxNcjMyaXdnSi1oa3JKYXpqckNVSjdET1RGeHRLS3lWLThObzljMHZNcUw4Nm1DVURRVWlFWi1vSWR3YUQ1bTh1Q0NVMlNNUGJnYWJmX2dRR1pJaGNncm9mVExJYXd5ZmU3SU5VejBxZ3hxRm9GdmJuM0RKamRSSzVhc2ZwNVlIUnBkX2VjSkl0MHh2d2RFU3RETzRyek9DZkJmUDFhS01xZFlDNXQxbnB0Zk1naUI0d1VrMzdLa09tdENLZmRVMDhad205dnA3NmZSajBFWlEtNUFENkJlRHJvNGRObkxZdGZrWWZENE1Lc1hpQ0RyYXhsRnBKQVRkc296OFUxRjU1Y01JYkJ3RlQxQi1TODR0S25mRklXcmZYZTJoLUgxLWU0dzhua2xtSTNjZWp4TGtNYXQwSFBnZzBQcmZXRDRYcXBxS3Q4a0tDMVp0MUJ3NTE5SXg5QWhqYXk2ek1nZE53aUxyeklWTWpuZnhPd2praEpmeEhCWjRMemc?oc=5,2026-04-24,Research Coverage,MSN,Jasmin Abdel Ghany,"Rising temperature may shift sex ratios at birth, analysis of five million births finds    MSN"
Genomic analyses implicate hormonal and metabolic dysregulation in polycystic ovary syndrome - Nature,https://news.google.com/rss/articles/CBMiX0FVX3lxTE10cC02M1FyalpldzdEUjRybENjNGFBOE1GX3ZGc2NhY0ZlTVg1S3dBU3F4QXB5Y0lTaFRfb3FyenpRdFY3SnJuaHRUTlBqZHFmV210SmU0QVBTN2dITENj?oc=5,2026-04-23,Research Coverage,Nature,Cecilia Lindgren,Genomic analyses implicate hormonal and metabolic dysregulation in polycystic ovary syndrome    Nature
Temporal trends in cardiovascular disease and diabetes prevalence in the United States: assessing compression versus expansion - Nature,https://news.google.com/rss/articles/CBMiX0FVX3lxTE5yd3RUclBmUC1RVVZ3REsyYTNfMGlwdlhzaDVKZ3VlcFZUREJ5NVJMMXpOb254OHViUjVjX1B0RGtaa0FBTUlGYVlxZFBDMWtXb1JFaUVwVk9MeF8yeHAw?oc=5,2026-04-16,Research Coverage,Nature,Jennifer Beam Dowd,Temporal trends in cardiovascular disease and diabetes prevalence in the United States: assessing compression versus expansion    Nature
The Impact of Ghana’s National Health Insurance Scheme’s Coverage Policy on Modern Contraceptive Use - Population Council,https://news.google.com/rss/articles/CBMivAFBVV95cUxNd3YxbTB1aHIzQ2FSWHFjamoyZW5TSUhDcWpvcy1uWmgtcTBoajdBOVdsQmszenAwOV9vTU93Q0ZrZVU3VVRWNHR4RlJjM0w4QWFKYl9jQnRQbDdCeFhUejVRYThNUkZiSnpQclh2enJ0djd2WFlIYlllVjR5LXk5aDBVLThTUTNvcGlld0JqaVFwTnEta2NzajdIZjkzeVV3SjNhRjhTREpaWkxWZDZ4a1d1UndLYXNyVUM0Mg?oc=5,2026-04-15,Research Coverage,Population Council,Hampton Gaddy,The Impact of Ghana’s National Health Insurance Scheme’s Coverage Policy on Modern Contraceptive Use    Population Council
Infertility and Unrealized Ideal Family Size - Population Council,https://news.google.com/rss/articles/CBMifEFVX3lxTE9taC1DeXZsUjJjeXRseUtzTk5fRHlvZlJvbV81cHJFQTJUNFVZc2VGa2NZdDJnTDdQa2lvM1lSY1RlWllSS3I4Z2VzYVZIRVNtaENBazV5dnNfQUcyUmw2UllBcllsUFFXTlY1UlZqeHR1YjA5TzlkZGNXSEE?oc=5,2026-04-14,Research Coverage,Population Council,Hampton Gaddy,Infertility and Unrealized Ideal Family Size    Population Council
Population and Development Review | Population Council Journal - Wiley Online Library,https://news.google.com/rss/articles/CBMiZEFVX3lxTE04aWVYZlBrZzZINjRoZHU2V3NkYXBSZTlwc2NtY1JrZWllTjZFSTBFcV9HZlI3NzBFT05Rc0RpTWNfUHg2SGJzY1dCZjd6eEQ0S21pQ092THc2N0VZbFdfTkFaZG4?oc=5,2026-04-13,Research Coverage,Wiley Online Library,Casey Breen,Population and Development Review | Population Council Journal    Wiley Online Library
Challenging the prescientific frameworks of criminal justice: neurobiology and criminolytic interventions in the legalome era - Frontiers,https://news.google.com/rss/articles/CBMikgFBVV95cUxOMUZrRXlQQ0ptdkxYYlMtMjJ3R0xkS3lzOC1aai1rWXNKWjBQUnhVVTE1RDM3dzF2dWV6UE5BenVhb0RTTW1YbFRZSVYtX2kxcEhBdzVmSmVOclVia1l1TXc1aHJXZU8ydmp4V1BQV2JBa0RtN00ySWN2d09uYUJ3RFZLQmI2ei1QUG40UGhHNkVCdw?oc=5,2026-03-30,Research Coverage,Frontiers,Charles Lanfear,Challenging the prescientific frameworks of criminal justice: neurobiology and criminolytic interventions in the legalome era    Frontiers
Global insect rescue plan needs new tech to ensure success - University of Reading,https://news.google.com/rss/articles/CBMirAFBVV95cUxOMnFhdUJWemxDUVl3M0VSdC10OGNVblluTWRwbW9oWm9vYWo2WXZpSmJPSjFHX0Npa3dkRE5UTnVkSkZiUzZ0VnJxbUwyOFBRQy0ySnF1YnBaR0I1UmFNU2I3MWNfTXRoN1VwRzhRSnpQYVFoTWQ4VzNIQnh6RlFGQlZhcy1DQlp6a3h1R2duaEZ4SGt5dDMxYmlHS1RhbFJIWk45b2pXTTNoQWJx?oc=5,2026-03-26,Research Coverage,University of Reading,Joseph Millard,Global insect rescue plan needs new tech to ensure success    University of Reading
Beyond COVID-19 Deaths: Cause-Specific Analysis of Excess Mortality in Russia - medRxiv,https://news.google.com/rss/articles/CBMifEFVX3lxTFB2aFUtQi0zVjI3TkJGRkxHMUtnaTRpQ2Y2TUc5UUpQQVpMNHF5VkZfdGU5d2JPalhHMDMxSkZ1T2pjNmJUcjkxNFpjQnU1TzJrMmhlamV2ZUR1VWZQVEgzZnhVOWhVZWlnVXJBY2FtdTh5UVVPSnJ4bG9UQU0?oc=5,2026-03-25,Research Coverage,medRxiv,Andrea Tilstra,Beyond COVID-19 Deaths: Cause-Specific Analysis of Excess Mortality in Russia    medRxiv
"Climate change is shrinking the number of male births, study shows - Daily Nation",https://news.google.com/rss/articles/CBMirgFBVV95cUxQX1BBck5VYkVyN2dYbE1jRkpCSWtoR1ZkS2wwLVo0UFFLZlpfZS1IcEQybUd5eUg1eTB5UGF5UUtIOElOSEg3NW1mSWhVZndJMjl2ZjNnUHVLYkpSeUM5WmNQVnZKUTVHeHBkY1lUa3dhR3hLS25WejBHS3NIdXpQazd3RDFFdWp3WjNicDJkdUM1MHBKMndsNVdtbmRHaVgwNTBSVHBZSzEzNmJnc3c?oc=5,2026-03-20,Research Coverage,Daily Nation,Jasmin Abdel Ghany,"Climate change is shrinking the number of male births, study shows    Daily Nation"
Global insect rescue plan requires new technology to ensure success - Phys.org,https://news.google.com/rss/articles/CBMiggFBVV95cUxQSzlzMVQ4djNROEVKTnFRblVhbUFQQko4YmtwQVZjZFNUcW81N1pvTUsxdHVSZkhXWHdtTHBEUmJRQmRORkh4bldzTVJ5RTIwZGE5cnFNY3FUdl83U2hTLU51MVN3d3JSV1VRQ1pOdEI5TlhXOUZ4N1VuVnVSRXFBbDNR?oc=5,2026-03-18,Research Coverage,Phys.org,Joseph Millard,Global insect rescue plan requires new technology to ensure success    Phys.org
Heat Exposure During Pregnancy: Is rising heat reducing the birth of boys? Learn about the big claim made in a new study. - Dailyhunt,https://news.google.com/rss/articles/CBMirgJBVV95cUxQaXI0a1k3WURKRDRJcUNpWTRKaDBXeGxtSTNZblR2ZkRyQnFRT1dJc3BfTnRkSXNhc3JVdVhjR3ZCWHhoQXF5THlNRi1nZjlJWUdJcTB5N2pPU1VyWm5KekRzY3JvaC16bTFyWk5rS2FXRmw1R0xrTktfdVhXTFJSMHVmNEtJUm0wVWRBc1dUdktNWlRBN2Q2TmNOcFg3NEVucHZmY1dGa1hPeFJITDJlOVhQSHdZZ0lQbjdIU0NKM3c2WjVZMU9rZnQ0Y0xyaTNHVkxIbG9lR043eTNJTzVIdXMxSkNET0VVUHg3bkdadWhJcVR4QklFSkpHZ3JLelhtUjJqOHYxSU1DbS1Xdm1NaF96S3VpS2c2am80SGdhejhzQ2oyTk5zdm5nVHRSdw?oc=5,2026-03-14,Research Coverage,Dailyhunt,Jasmin Abdel Ghany,Heat Exposure During Pregnancy: Is rising heat reducing the birth of boys? Learn about the big claim made in a new study.    Dailyhunt
Self-Assessed Pregnancy Acceptability: A Novel Framework and Measure to Move Beyond Unintended Pregnancy - Population Council,https://news.google.com/rss/articles/CBMi0AFBVV95cUxNN2RMMkNuUDZzajdpekcyaUthSVBvQWNFU2szMkNwVWVjV0h3akt3eThOcDNuajlqa1l4Q2w0WmNXSmJsODh6RXREUkNGQmR2NElvSzg1ZjlBQjMwaGM2X19xcXFCSzg4RjZLbms2Q2phMjlHMGwzZjNQR1dJNGxoRWV2WHpCTkdTRVA4OVBKamMtcGktZ2NibUNGV3drLTU5UFBmZEVBWDhYODFfSkotdURPNWJFbEJzRlpjNmlhS2NEQTAydWN2eDduLTJJdmVQ?oc=5,2026-03-12,Research Coverage,Population Council,Hampton Gaddy,Self-Assessed Pregnancy Acceptability: A Novel Framework and Measure to Move Beyond Unintended Pregnancy    Population Council
Experiencing heat during pregnancy results in fewer male babies: study - The Hindu,https://news.google.com/rss/articles/CBMiywFBVV95cUxPLU5xVHdGcjZiZ0txbXZhMENjY3pUa0tTeFNoLVVEQVJVOXZxZ0JzOFdTcENhOXE3eU5naG1acms2eWVMZUM1aG1kV2lMeWpGM3dxMFU5dHlQWjZGSThfSW9mWDdPWFNMbFBqdEhFa19FZU44a2puVzVzN0dkQmQ4ZG1TVld4a2w0WkphOUpxbm12cUpSeGduMWc1cktqMENvSWRiUVNuaS1mYkhnel82NGR3OGhRVkdFU1BUc0Q4NlVvLVJ5MXB1UF94OA?oc=5,2026-03-06,Research Coverage,The Hindu,Jasmin Abdel Ghany,Experiencing heat during pregnancy results in fewer male babies: study    The Hindu
Experiencing heat during pregnancy results in fewer male babies: study - The Hindu,https://news.google.com/rss/articles/CBMiywFBVV95cUxPLU5xVHdGcjZiZ0txbXZhMENjY3pUa0tTeFNoLVVEQVJVOXZxZ0JzOFdTcENhOXE3eU5naG1acms2eWVMZUM1aG1kV2lMeWpGM3dxMFU5dHlQWjZGSThfSW9mWDdPWFNMbFBqdEhFa19FZU44a2puVzVzN0dkQmQ4ZG1TVld4a2w0WkphOUpxbm12cUpSeGduMWc1cktqMENvSWRiUVNuaS1mYkhnel82NGR3OGhRVkdFU1BUc0Q4NlVvLVJ5MXB1UF94ONIB0gFBVV95cUxOVUx3Rm9vbklkTXJfTGpOWElhSURyS1gtRnVsUlU4RjFkVGhNMFc4ZWpXMVl2U3E5UGl4X2pzdTBhckJCSW5yQW9fYWw4RnJBaC1fbFhmTFMyaXItbE1ZQmJuQUl3Ync4MFo5RmI2dHFucjNvQmdLSTZQVlh2aDF3QkFYNEhhUXZhR2ZTdUhrYlQ1ekt5eDM1OEowV21zbkcwcXdGTWVOUEVfb2ttamRlQnNmME5LbFhFMmlKOXRib0R0RlpnWVZvLVNTcnZHem9kcnc?oc=5,2026-03-06,Research Coverage,The Hindu,Jasmin Abdel Ghany,Experiencing heat during pregnancy results in fewer male babies: study    The Hindu
Weaponizing Kinship - Max-Planck-Gesellschaft zur Förderung der Wissenschaften,https://news.google.com/rss/articles/CBMidEFVX3lxTE9DU1NiVkVTaHNTZjNFbnIzNG1WNVA5SEtDclVQMDZzZkJ2Rnh4S2J2SXFPOWZxTjhnb29fa3NLSWVMamwwa0o1Q1BPUW1QSE1PRnhuRzM1TUE1ZFpyVGV3cVBYd1VYelotTGlWcjkyczZFZGNs?oc=5,2026-03-05,Research Coverage,Max-Planck-Gesellschaft zur Förderung der Wissenschaften,Maria Gargiulo,Weaponizing Kinship    Max-Planck-Gesellschaft zur Förderung der Wissenschaften
Weaponizing kinship: How Colombia's armed conflict uses family loss to tear apart communities - Phys.org,https://news.google.com/rss/articles/CBMihAFBVV95cUxNd1doU1E1RjhqRlExMHFLUGU0Qk5XM3IwOVFuQmlaTlFHNGU5MGI0Nkl3ZzlidXRsYzI0WldMSjNxTDVCNUJsMXpYTFhNZFhtT3kwcnJXTWhULXdjNGRCSjFOVEF2VEhmQUJGX05fWlJxU1JWZjh4WGMtbjVwNW40N3pnenE?oc=5,2026-03-05,Research Coverage,Phys.org,Maria Gargiulo,Weaponizing kinship: How Colombia's armed conflict uses family loss to tear apart communities    Phys.org
Weaponizing kinship - EurekAlert!,https://news.google.com/rss/articles/CBMiXEFVX3lxTE1udzFJSXF0TjJ3Wnp0d3lfcTlhWXFiR1c0OGQ5RzRSWVFKUkxvOG5HUHZIUWc4YW9Wb2ZkNUJ4RjJyQ04tSWpGVWFaZE1MNU1VWF9HQVc2WkJES3Ux?oc=5,2026-03-05,Research Coverage,EurekAlert!,Maria Gargiulo,Weaponizing kinship    EurekAlert!
The gut is guilty! Will legalomics transform forensic and legal psychology? - Frontiers,https://news.google.com/rss/articles/CBMikgFBVV95cUxOTHlBQjBabW9MVWV5WXpWemtwb19xb3ltMmxBc0NsUXNJRW0wTU1DUzNITC1pbW1pclRXUVlBb3c1WnVMRDVnemhGcy1JeFYwXzc5MzN5c0RvRFU0Q0VoNGtDV0J1RDRXU25mdHdxa0dDZE1JRHhXSHRGOTBhTGJCZ0lfMGZOZUlRQUpYLWRfRFJDdw?oc=5,2026-02-27,Research Coverage,Frontiers,Charles Lanfear,The gut is guilty! Will legalomics transform forensic and legal psychology?    Frontiers
Temporary Shock or Lasting Scar? Life Expectancy Trajectories Since COVID-19 - medRxiv,https://news.google.com/rss/articles/CBMifEFVX3lxTE1nRU5RWGpBTnQ3emNuZ3EtS0xsdGtuX2c2YkxadDdNZXpnSlF4UXhRMWI1X05OeHUtaTZZVUhhbHREV0pMRWxIX0ZPYmp6SlQwa0xTY05neUZoVXZobGlxUlNKblBacFdzejhENFZGX1VabmE5LVhSZFk5d2o?oc=5,2026-02-27,Research Coverage,medRxiv,Antonino Polizzi,Temporary Shock or Lasting Scar? Life Expectancy Trajectories Since COVID-19    medRxiv
"Extreme Heat Linked to Fewer Sex-Selective Abortions in India, Study Suggests - Newsreel Asia",https://news.google.com/rss/articles/CBMijwFBVV95cUxPN3NuNk9jaUFKSi1vM2FURjA4ZWxnRTRJOUNGU3dyTC1fTHhsT1Itdkk5cGc4ekY1RHFBUmpGTlk0a0UxR05uMXlOSGhYZ3gwMVVKMlVYMUJHTEt2TTRaSXlGaGRLN1k0REYwNDlJbW1kV2REVFFlMDJvWHktMV9fWkFZa3h6WVd0YjdkSjkwNA?oc=5,2026-02-26,Research Coverage,Newsreel Asia,Ridhi Kashyap,"Extreme Heat Linked to Fewer Sex-Selective Abortions in India, Study Suggests    Newsreel Asia"
"Living Donor Donation Works When Relationships Matter With Mary Roberts, PhD - HCPLive",https://news.google.com/rss/articles/CBMiigFBVV95cUxQSHRlUFQyQmt2VUVJWGo0UUFseXd4cjFySkk4UGhOQWFvUWdabGh6Szl5TWxvSTdrZVliT1phLUM3M0dUaDhmSjBVaThjb3Y1M3IzWnpVUzA5VzRqdG5qak1Ya3VqQk5UYndtZ0U2TmR2ald4N1hTd2xHZGE2dHZVcEFSRDBZY3FGU3c?oc=5,2026-02-25,Research Coverage,HCPLive,Mary K. Roberts,"Living Donor Donation Works When Relationships Matter With Mary Roberts, PhD    HCPLive"
High temperatures linked to fewer male births in sub-Saharan Africa and India — Oxford study - radio47.fm,https://news.google.com/rss/articles/CBMixgFBVV95cUxNaGxHXzU2Sm9xbkdzVmMwOEtHUVpKQ1UtR2trdS1yWnJaQ1lWVUhKdjc1cnhWN0R1dFFJM0NMdncwa1BhQkRVRzZZaTgyLTdkRzdsazRGNl8xOHRUeUdfd3FzM0N3OF9tM1Z6d1I2U1ZiVkdXNDUzMXNMc2JtdGhWZ3psVHNucW03ZGlGeS1RdDc4d2pBVEFTcGdhanZ3SGVnTG1YOHdZMk1Jam5rTFU2ekNnSmZCckpfejBQRmNab1FKU0YzY2c?oc=5,2026-02-25,Radio,radio47.fm,Jasmin Abdel Ghany,High temperatures linked to fewer male births in sub-Saharan Africa and India — Oxford study    radio47.fm
Oxford research links heat exposure during pregnancy to decline in male births - Nairametrics,https://news.google.com/rss/articles/CBMitgFBVV95cUxOME5jOEZBVHJTaVRZT3F2WTdCbWwtUngyVWFkeGxTVHp5YzVRRzloWjE4VDRZM3p1dVp4RGJxT25FNHp4NVNLcEtfcTVlRkVrbVRZTnNLWVFpVE9YYTJqS1hsZUYzYlhiTDdoazl5RE9YdDhNSHhDQ3k2RHlYeG44SWtwSTVEVGRhdFN3d0YzdkpWXzZObVlDdk5yS0ZCaUtOZVlqMEJmMUcxRnI5LWhTakZYUTJ5dw?oc=5,2026-02-24,Research Coverage,Nairametrics,Jasmin Abdel Ghany,Oxford research links heat exposure during pregnancy to decline in male births    Nairametrics
"Donor–Recipient Closeness, Perceived Life Extension Drive Living Kidney Donation Decisions, With Mary Roberts, PhD - HCPLive",https://news.google.com/rss/articles/CBMiugFBVV95cUxNRmh4c0VZNWtrU1NaNm5UQWw5OVQ3MEliNW05cEVUZkNJcG9xQ0M2UnVrVHBYd3NvME1HZmtSNnhueFBUVzEyWHlYaUdpWFRTUjg2MVRaWUpTUHBwOGx2UFowNW9UcFQ5bWpYZS0xcHYxcU53NDY3T3FlTEpDbG14dWlfX29vSVhpZUROUG1qeDBjN1hCeDdiWDZ5X3RXRzNPUHU4aXpUQUtIVC15eEI2X0ZTQVBnTkZKb1E?oc=5,2026-02-23,Research Coverage,HCPLive,Mary K. Roberts,"Donor–Recipient Closeness, Perceived Life Extension Drive Living Kidney Donation Decisions, With Mary Roberts, PhD    HCPLive"
New research shows high temperatures affect sex ratios at birth - University of Oxford,https://news.google.com/rss/articles/CBMingFBVV95cUxNOXpPUnZKQk1pcG5oamFNb2xiaGVJWlNCd0pNOVozWEM5SHgwVFc4OTFnRjRxVWlwMUZWOXpfQ2twY29UaGV3Y2h2dFNhWFBvVktFYTVObmNIX3RCTTEtMDI2YlNiUjJRV2lBeGl3a3VYYnFKakE4djhjRlFMTDcyNEVYem95UGdmaEwzUHVjNFdaeGtTY0NldXdITEFNUQ?oc=5,2026-02-23,Research Coverage,University of Oxford,Jasmin Abdel Ghany,New research shows high temperatures affect sex ratios at birth    University of Oxford
"Rising temperature may shift sex ratios at birth, analysis of five million births finds - Medical Xpress",https://news.google.com/rss/articles/CBMihAFBVV95cUxOd3pLa2NrbWRZYlZJdHhOOTdyTktrbGItcEtlWDVOVVVTMVhlcjVZSnFuSzNOZFlkRHBlb2NYamJIM3k2NG5JSzl4V1FKZlNFbzUxV040Rjc3MlN6V2NHNXN3Mkh3N1d3LTMtNXU1WDVrcE1SNkJRU2tqdFcxNGJ2eGU0MFQ?oc=5,2026-02-23,Research Coverage,Medical Xpress,Jasmin Abdel Ghany,"Rising temperature may shift sex ratios at birth, analysis of five million births finds    Medical Xpress"
"High temperatures linked to fewer male births in Africa and India, but for very different reasons - thinkpol.ca",https://news.google.com/rss/articles/CBMixwFBVV95cUxNcnNSdDV6NnppZGRXdFoweC14cmFpZWQ0c3RpbTdsenducFJ2MVAxUGxBWkdhWVZ3RFY3SXFDa3lzTnNoN3JIS2V4WnA5MVZNU3paMVE5UnBLUGtFYW5TUWdBMmRxY3BxWmQ5c0o0VEdYWUYyRnR1cGFjUW8zeWtnSEJBcGpMQk1wMUk3aWkwMEFSSVZNcnNBd3p2OE9Hc2kyZEduM2t5eHI0NU01SU9WSjJTWERaWTRLN0ZyS29FR3ZMQjVUS2040gHMAUFVX3lxTE9IcU8yM0lRdENxdTJOY2tfd0J6eFdMakJqWnR2bFpZVFJVUmdHbkJzYVZUSjdxMWo0VGNsSHhtZ0FoVHBhTDBSTmhYUkw1VGFqd0VIcFpFOGhpVmRlOUFFWGQ2eHljWmVzLVZEVHZSM3lyRTUtS1dnTExUblBRUy1nRnlqZzhJOV84UDVGTGtnc2RQWHdJQy1lY1FqODZJajR1QmpDU2wzRjRuVHRMRTJVa1BZMW9UVXNJRkl2R3JXLVJmdnRRT2o1Q0dOcw?oc=5,2026-02-22,Research Coverage,thinkpol.ca,Jasmin Abdel Ghany,"High temperatures linked to fewer male births in Africa and India, but for very different reasons    thinkpol.ca"
Economic History in 2025 - Economic History - LSE Blogs,https://news.google.com/rss/articles/CBMiggFBVV95cUxPenU0bGgyaS1mdHFtbElxWVhJSmc4bG05aW9JSTFUX0U3ZEhOSUlnSGNpR083T2tJREdKdzllY3NFeEUxc01KV2pkcWRCazNTWHZQTERzaEd3cEctWnBqeHl0Znp6cTJfTlY1TlhUR0xzbVM4T2F5NDQycmdTTnp1Ql9n?oc=5,2026-02-20,Blog/Opinion,LSE Blogs,Hampton Gaddy,Economic History in 2025 - Economic History    LSE Blogs
Will online behavioral research follow the fate of online survey research? - PNAS,https://news.google.com/rss/articles/CBMiY0FVX3lxTE1sVUZheC0yNXpUdGpjNmdLcTR4X29xektEN2dlRTE5YWMxSDY0WF9IVlRLWko4Tm1nRi1DRVZ1WWxtUVh6RGtMMUJOVXJ6S0JDQWwxT3VaOHRKeG1YMy1RaWFRTQ?oc=5,2026-02-19,Research Coverage,PNAS,Ridhi Kashyap,Will online behavioral research follow the fate of online survey research?    PNAS
Temperature and sex ratios at birth - PNAS,https://news.google.com/rss/articles/CBMiXEFVX3lxTE1SSllWemFuWmFONDVmd3Rwdi1JeTdSQzNfVTlKT0pCcnR0V1FvWWxJaDBDWXU5bUJIOFdsTnAyWHNMUFNaZVRpUjVIdjV2VTZBb3U1ZlFpeUNRelIt?oc=5,2026-02-19,Research Coverage,PNAS,Jasmin Abdel Ghany,Temperature and sex ratios at birth    PNAS
58 risk and 34 protective effects of GLP1R on disease phenome and adverse neonatal health - medRxiv,https://news.google.com/rss/articles/CBMifEFVX3lxTE9fNG56LUhCblVld2daTUdwT0d6T2ZTRVFWdG5iTm1oUi1ReUlaWm42Q0UwMHhLNTZEVFkyYjhlekNxNXA3VThwd3dPU3puUUxzUW5Bb0JQbnBTdFd4NlJJOWpQdDhXUlhoZG4xTzVuVmNKRmFrLURPOUhKRS0?oc=5,2026-02-18,Research Coverage,medRxiv,Melinda Mills,58 risk and 34 protective effects of GLP1R on disease phenome and adverse neonatal health    medRxiv
More than a blueprint: Developmental regulators secure the cellular environment for regeneration - PNAS,https://news.google.com/rss/articles/CBMiY0FVX3lxTFBSbDBNWnpkNnpTVVg4YXo2YklnN2VodVBWQm55V3hkNEpBajl3aFRqeVBYRFI4bmxQNDlpQ0c3eG41cWZMRk95cWpmaDZFU19YaUtncmVuU2NoV0lrN2l3TnNvRQ?oc=5,2026-02-18,Research Coverage,PNAS,Jasmin Abdel Ghany,More than a blueprint: Developmental regulators secure the cellular environment for regeneration    PNAS
"Food and Beverage News and Trends - February 6, 2026 - DLA Piper",https://news.google.com/rss/articles/CBMi0AFBVV95cUxNZ1MyMlFqZlZoV2U0aEJxaUdORXZ0UVNNSUpkRGszNWx2M192dVRoN1RXQUMwTG50NzlGMU1YZmtIelFhMlc0WGEtNDViemk0TzZmcVd4NFFPMjc2eGFNcVowd3UxWkVPVVRCZkUzSGpqYl96OXZPNVdvSVBKb3VnN0txMUpKR3lERXQxcm9Scnd3VGRNR1RCWDdNMVlsZWNVdVBfLXZJbEZPdGJJQzRsZXN1WEpBT19iWWR6RFVIampQTTMyUGcxVHI0MEFmV2E2?oc=5,2026-02-06,Research Coverage,DLA Piper,Thomas Rawson,"Food and Beverage News and Trends - February 6, 2026    DLA Piper"
"Food and Beverage News and Trends - February 6, 2026 - DLA Piper",https://news.google.com/rss/articles/CBMi2AFBVV95cUxPRTlKc05nRndaWmRDNUUzTnU0eWoxLS1TajF3OUtJVGJjLWRxVjlYSjFFVk14Q1BjalpCVEdVQTRuYWpIcjh1Ukt0MXJVNnpBb3NqRDhfR0NHSmtMaG5aMUdEd1lnV3R2NlMxTFc5bXYzX2xmTlZCcVIzQ2w1Mjg4ZlExUmZPWjZ5bl9uWjljenJTYmhVeG9id2wyaWpmc0xqb2pDNndvMldkb1c5WFBHUXRDTzc2bDE2Tlp1am05NU03YUZpdENTU05LSVZmeVUyRWxkRGZaaU4?oc=5,2026-02-06,Research Coverage,DLA Piper,Thomas Rawson,"Food and Beverage News and Trends - February 6, 2026    DLA Piper"
SCAI applauds bipartisan law removing barriers to pediatric specialty care - News-Medical,https://news.google.com/rss/articles/CBMivwFBVV95cUxQNGdUR2RhY29BM2t5MXU5TFZkYzhJSlo5b1FoN2lWT2dFR3ktd21COFFRTjBSNTljZ1p2anlZaEhYX045WE05WDh0ZlpWR3lpS1ZFM2JjLTk2ekZJNnlOT0hveFVXVkRabnpocWxDcUhwOHpqQ2NsU1RPOFprZ0cyekk0V0MwNFBzRm5ZU0h5V0JCVWNaeWpGNDlZdnpueVpVUnlWTlBzSlJTY3BLVTdEdEZPQjdtNjdmSDRGRklJNA?oc=5,2026-02-06,Research Coverage,News-Medical,Ava Keeling,SCAI applauds bipartisan law removing barriers to pediatric specialty care    News-Medical
January 2026 - Avian Flu Diary,https://news.google.com/rss/articles/CBMiUEFVX3lxTE5hb2NWWW1iVU9NUzdSX0VGWHRWQTFPT2RCUDM0ZmdCNFJENm5kV3pkTUNYSTNqWFZTLVJBckkxTTZDMDJlaHl1U3NQSDZvdk5j?oc=5,2026-01-31,Research Coverage,Avian Flu Diary,Thomas Rawson,January 2026    Avian Flu Diary
Nature: An Outbreak of HPAI H5N1 Could Impact the Dairy Cattle Sector and the Broader Economy in the United States - Avian Flu Diary,https://news.google.com/rss/articles/CBMihAFBVV95cUxObDhtRTlVbUprVXR2bjc4N2tlaXhsMUxxRW9tNHAyZXVoZXYzY1N4RDVmX0Y1NkRfNFdNNFQwRmFOYUJWZE9DaEtTOVpPeWVCV1lsV1I0aE9XcDQ0ZU1TeGlrMlRsZzg3MmJnVmFWNkFBN1ZUN0xUMklMbnl5YkZ4UGN4Mzg?oc=5,2026-01-31,Research Coverage,Avian Flu Diary,Thomas Rawson,Nature: An Outbreak of HPAI H5N1 Could Impact the Dairy Cattle Sector and the Broader Economy in the United States    Avian Flu Diary
A Concentration of Reproduction to Later Ages? A Worldwide Assessment of Trends in Fertility Timing - Population Council,https://news.google.com/rss/articles/CBMidEFVX3lxTE82SGZ4WTByd01Mal9ySXJLc3AwQWNBNVltX2dUZVZIaWI0SW9rRDN5Y0p5WGFOcGNaSVludGI5TGI4WEczTHo4aWV2TExrc1BoRTdRd1Brckg0Tnp1cU9VZmgzd1Z3SFJzZ0hIUHd0UWxnQnBx?oc=5,2026-01-29,Research Coverage,Population Council,Hampton Gaddy,A Concentration of Reproduction to Later Ages? A Worldwide Assessment of Trends in Fertility Timing    Population Council
An outbreak of highly pathogenic avian influenza H5N1 could impact the dairy cattle sector and the broader economy in the United States | Communications Earth & Environment - Nature,https://news.google.com/rss/articles/CBMiX0FVX3lxTFBFMEptM1diaWMxRzBUenBIdVNoeXFSckIzUlNkYm5NN0FiZF9TcUxIdXRHOU9QRUswQkw5N3VtSVFhSVQ1YVBycFF2cHAyNXVPLUJqcGNacnZMOGs5cWhj?oc=5,2026-01-27,Research Coverage,Nature,Thomas Rawson,An outbreak of highly pathogenic avian influenza H5N1 could impact the dairy cattle sector and the broader economy in the United States | Communications Earth & Environment    Nature
Beyond species means – the intraspecific contribution to global wood density variation - Wiley,https://news.google.com/rss/articles/CBMiaEFVX3lxTE5XdXEzQlF1ejdYd082Unh5V1RQUmlrdFlfNUVvQWRtUTNFcFltMlhrNVBwSnkyLVNjVHI3S3ZNV0xWaXFOdWd4bjlucjV6dWU3OVowb1N6WkhyTjVXQlVRd1drMk0zUWNf?oc=5,2026-01-16,Research Coverage,Wiley,Roberto Salguero-Gomez,Beyond species means – the intraspecific contribution to global wood density variation    Wiley
Meta-analysis reveals negative but highly variable impacts of invasive alien species across terrestrial insect orders - Nature,https://news.google.com/rss/articles/CBMiX0FVX3lxTFBFa3hvOVM2cVhXYXppd3B2NElzMmhpYzV5cE04REJVQmVrdE0zZjZWbHBoenVCLUhhNm8yQkt5LU04ZGNEbVpxNmlnRGVCc2xnMWsyN2hXd0hhclIyZlo4?oc=5,2026-01-15,Research Coverage,Nature,Joseph Millard,Meta-analysis reveals negative but highly variable impacts of invasive alien species across terrestrial insect orders    Nature
"Insects are victims, not just invaders, says study - Phys.org",https://news.google.com/rss/articles/CBMia0FVX3lxTFBEOEhOa1laSkUzY2RSTzdDLXZJUHd1YzE5VEdEVW03aDJickdOR2dXV0VYSldQWFY1X2M0ZzZWNnhZbUZhT0ZVUFRUUXVWaHE4eFBFOWFLMERzbVU2WWRVdkxwc01lZU5BTFBV?oc=5,2026-01-15,Research Coverage,Phys.org,Joseph Millard,"Insects are victims, not just invaders, says study    Phys.org"
Individuals whose phenotype deviates from genetic expectation defined by common variation are enriched for rare damaging variants in genes that cause rare disease - medRxiv,https://news.google.com/rss/articles/CBMifEFVX3lxTE9CSUc1czNXbjYtZXdXQTdXY0hxeVZTQnJUeDMzdXVQWmJpUExvQWVqd1E5aHkwY0FsU2dYS3JxSmxxZDdOTGJCdF90SDVRMHowQW1DZWdPc25FWlZpcFc1NUdtS0NUNFhsV0xPeHM3Tkxjd3VRSXFxN0FMc0s?oc=5,2025-12-31,Research Coverage,medRxiv,Cecilia Lindgren,Individuals whose phenotype deviates from genetic expectation defined by common variation are enriched for rare damaging variants in genes that cause rare disease    medRxiv
"Competition for heritable wealth, not cultural group selection, drives the evolution of monogamy - PNAS",https://news.google.com/rss/articles/CBMiXEFVX3lxTE9RR3M5WEtmZEM5WjlwU3R5c1ROcG1tODNIMmZpWlZyTG9mbFl3SGs2SFFGRmpIWTJsYW5xdkxYQlRnX2tRaThILTl2d0twa2UyTlRzak1TVGtqMjNw?oc=5,2025-12-30,Research Coverage,PNAS,Hampton Gaddy,"Competition for heritable wealth, not cultural group selection, drives the evolution of monogamy    PNAS"
Population structure reverses selection of variants with proportionally scaled birth and death rates - Nature,https://news.google.com/rss/articles/CBMiX0FVX3lxTE0zSk9kVGhrSXlGaWpPOS1jNkJpOUNVOFdkV3lLMXFNREpUcVZWdFRfdWp3MUswU3FiQ2JLYmxDRWduVV81eXNTRFh6MXJsdlBYYmRvYUFaUkM4cDBLVm9v?oc=5,2025-12-27,Research Coverage,Nature,Roberto Salguero-Gomez,Population structure reverses selection of variants with proportionally scaled birth and death rates    Nature
"Same job, different status: gender differences in societal status perception of male and female scientists - Nature",https://news.google.com/rss/articles/CBMiX0FVX3lxTFBhX3YzZTkweG5tNi1HbVltbF92MzRzeW5xUnNoZHdzMEtuWS1Xb0xVZFlQN3FCcW16X1FTd1gzTTZ4a3FTZkJzQ2NMZ1VIQTVfQjhmYk9nSDRobnhPUV9J?oc=5,2025-12-19,Research Coverage,Nature,Valentina Rotondi,"Same job, different status: gender differences in societal status perception of male and female scientists    Nature"
Monica Alexander maps Canada’s hidden childcare economy through data science - University of Toronto,https://news.google.com/rss/articles/CBMisgFBVV95cUxNU00yem5IaUZrRXFIeVpfcUFSanBYSkdRTzFuZ2c5d3dwcmdGNTFxNHFlZ1h1UTVrbE8wblhZUXd0U05KYnJibW9vMkpmbDhnZzZoM1BHdjc2WURLaUUyeG5JTm5VeHlDQlFJVFJLRjBDMmhzWWpob2dfYUdPWEtpSU5samVJNzRlM01odXZCR05VZjUwaXlVcFJVYkU4eHYxWXZKZXdPT2ppaHpmazVfeWJn?oc=5,2025-12-17,Research Coverage,University of Toronto,Monica Alexander,Monica Alexander maps Canada’s hidden childcare economy through data science    University of Toronto
Population and Development Review | Population Council Journal - Wiley Online Library,https://news.google.com/rss/articles/CBMiZEFVX3lxTFBFdm92ZXZjd2I2S0VIdmZoV01QTzlKOXFPQXhvQURTYWlha2JIcENLVnRkRFBaVndtNWxDM3ZfaHpoSl9naVN0dEttd3ppS3hMVUFyX0F1VmNnSGtZZG9vNWw1bTg?oc=5,2025-12-04,Research Coverage,Wiley Online Library,Joshua Wilde,Population and Development Review | Population Council Journal    Wiley Online Library
Interactions with polygenic background impact quantitative traits in the UK Biobank - medRxiv,https://news.google.com/rss/articles/CBMie0FVX3lxTE9fVjFFM3BKNjlhVFp1aXJUUC0ySk9SdVRGUHdzTXc0bXJMNC11bWNiSlVTbHhSaVpxalpWUzBLQUtldURpLUdOSFVDSmV4V3N4WEZ3NEl4bGZmV0s3WXc4dUlwWUVVQTNRY1BpekxzUUdzeDJzYlRFZG5kQQ?oc=5,2025-11-17,Research Coverage,medRxiv,Simon Myers,Interactions with polygenic background impact quantitative traits in the UK Biobank    medRxiv
Drivers of Population Change in Central and Eastern Europe - Population Council,https://news.google.com/rss/articles/CBMilAFBVV95cUxOQ29QclcwVV84U0c4aEc2VUZTUklvUElIRUxRWnpXYTdBbHF3WDJ6QVBNVWNuM3pDbkV5ZE90bnVrejRiOTI1RVU3Z0F2cTB6aHJpLV9HMjJvaUxfYjE3OTJ0dGo2XzhUQTZlS3YwMk5tY0otZExkUm83bEhLTGl5WGJoMWFwQ2VRamlodUpybjB5dHVo?oc=5,2025-11-05,Research Coverage,Population Council,Hampton Gaddy,Drivers of Population Change in Central and Eastern Europe    Population Council
Data-driven subtypes of polycystic ovary syndrome and their association with clinical outcomes - Nature,https://news.google.com/rss/articles/CBMiX0FVX3lxTFBXbnN4LW1KUWZEd0c0WWhGdXRraFJTYmp6MUxKOXpNU2dhdUR2d0FLS0F6LVV0NGlDSUFsMTdzYjJGV1pIY1NwY3A4QXhGOEdlcTcxRV93ZGJQdm9oamZR?oc=5,2025-10-29,Research Coverage,Nature,Cecilia Lindgren,Data-driven subtypes of polycystic ovary syndrome and their association with clinical outcomes    Nature
Update air quality management to support meaningful public participation | Communications Earth & Environment - Nature,https://news.google.com/rss/articles/CBMiX0FVX3lxTE5oN2RscmhXM2VaSlY4amxJRDdfOHVoQkt6MWZzUTRCWFJ3VmptOExhR1E0T3FXX09IN0RIaVJrb3hsdDAxNGpjNzhkR2FsTktqby1UTlVGY2VEb1lHSW1v?oc=5,2025-10-27,Research Coverage,Nature,Kayla Schulte,Update air quality management to support meaningful public participation | Communications Earth & Environment    Nature
Rethinking polygamy—research upends conventional thinking about the advantages of monogamous marriage - Phys.org,https://news.google.com/rss/articles/CBMijgFBVV95cUxQS0lLQXlNcEYzRDNyTDNOVmVQRzh5RUU3c3d1OWlKMVhzTkRqQ25KSld6QVJNQXBJaUZVVFJnUGY4aGxNLXVRMWZranZ6QlhPRU5RTVdQalNFUU9mbG5nWVV1bzMwWHBfb000UXdUTzZkX1MyMHZqODFGWjdpakJlRXh5WWRNREk4a0QzTGRB?oc=5,2025-10-21,Research Coverage,Phys.org,Hampton Gaddy,Rethinking polygamy—research upends conventional thinking about the advantages of monogamous marriage    Phys.org
Mapping subnational gender gaps in internet and mobile adoption using social media data - PNAS,https://news.google.com/rss/articles/CBMiYkFVX3lxTFA4Q0JRRFdhZHJsdk5mdHByc1BDNVViUjVyamJ0XzYybVJGZ0toS2Y0ZXByWDU0LUY2OE9laFU0TFJoV3dtZmRWazhjVk9SLXVUYktpcU9sNG1ncjQwUXNmYkJR?oc=5,2025-10-14,Research Coverage,PNAS,Douglas Leasure,Mapping subnational gender gaps in internet and mobile adoption using social media data    PNAS
Realizing the full potential of Our Future Health through data linkage and trans-biobank efforts - Nature,https://news.google.com/rss/articles/CBMiX0FVX3lxTFA2cmFHQ01DQWdmT1RyQ1FKS0ZIOFVZb3VXUk03aExDYmphOVJzLVNKaXZJM3NDc2lnSlVOQ2pFWVpTNnpxNmUyWUhMLXQ0Qm92eUZwY2FMTkdMaHI5Wldn?oc=5,2025-09-15,Research Coverage,Nature,Augustine Kong,Realizing the full potential of Our Future Health through data linkage and trans-biobank efforts    Nature
"Parent-of-origin effects on complex traits in up to 236,781 individuals - Nature",https://news.google.com/rss/articles/CBMiX0FVX3lxTE5VMjlsXzJYaUxRY0lvRkt6c2tSbDNMcEV3amhrWHJBTUc0blRsRU9zblQ0d1hNNWRIQm1LeFI2TUhfMzZaT01VMWg1N1EweVRRM1JkLUNkVF9abzRqTWZJ?oc=5,2025-08-06,Research Coverage,Nature,Augustine Kong,"Parent-of-origin effects on complex traits in up to 236,781 individuals    Nature"
Comparing the metabolomic landscape of polycystic ovary syndrome within urban and rural environments - Nature,https://news.google.com/rss/articles/CBMiX0FVX3lxTFBfdlZoVVdVWWdKSnJRUTgxeEtRRFgzZDU1cUtHMzctSGZ4T0h3amM5bVl1UVFTdm96aUtRX1ltRURpajhUQm4yQk94dlRkNnBWREhEeDlJeDhtQVlNaGlv?oc=5,2025-07-01,Research Coverage,Nature,Cecilia Lindgren,Comparing the metabolomic landscape of polycystic ovary syndrome within urban and rural environments    Nature
The Generational Health Drift: A Systematic Review of Evidence from the British Birth Cohort Studies - medRxiv,https://news.google.com/rss/articles/CBMie0FVX3lxTE5qTjhwOEJ5bDhEYkNnblQwSng4MXE0TUUtdkp4LV9Yc0dIdlhTM1JyVlg5SzhfUzNKcUxieXU0TUtIMDV5c1AxVHlSTDV0WWx4OXhzTDJiWmlhNVQ5TFpibF9aUWxCaGR0R1d1SHQ0Q1hEWDhkRWNodVozMA?oc=5,2025-06-12,Research Coverage,medRxiv,Jennifer Beam Dowd,The Generational Health Drift: A Systematic Review of Evidence from the British Birth Cohort Studies    medRxiv
A mathematical model of H5N1 influenza transmission in US dairy cattle - Nature,https://news.google.com/rss/articles/CBMiX0FVX3lxTE5BSXBkd29OTDdIbXl4Nk5NY2ZCb1czSkljSWZ5WXUwUUEwLVM0blFDS3NScktSQlViX3RXSFlzRmx5WGI4azJZeVhTSjFqZnYteHhheldlNXNzaUdqWGQ0?oc=5,2025-05-08,Research Coverage,Nature,Thomas Rawson,A mathematical model of H5N1 influenza transmission in US dairy cattle    Nature
Dairy cows develop protective immunity against reinfection with bovine H5N1 influenza virus - Nature,https://news.google.com/rss/articles/CBMiX0FVX3lxTFBvcEtRN3pKU1hoQTVXQ0g0aGJDajQyeGdXNEU4WHRoRTJLTTVJYzZwVDJnTnVuUGt2Qlg3ZzBGaUFvbmptUDBRbkZxZ3oyN21Zdi1jT1dpTndSTVFpS1ow?oc=5,2025-04-17,Research Coverage,Nature,Thomas Rawson,Dairy cows develop protective immunity against reinfection with bovine H5N1 influenza virus    Nature
Celebrating 50 years of Population and Development Review - Population Council,https://news.google.com/rss/articles/CBMiWEFVX3lxTFBUdHAzV21pdDF2dkVrNjhUQ2V3R2xHU0Fuekp3OXJWbXMyamthMDdRV0JhdzBFY01OZ2VoVnJRVzJIdVlIT3RaT2E0VDVDb1F4czB3NThnbko?oc=5,2025-04-10,Research Coverage,Population Council,Hampton Gaddy,Celebrating 50 years of Population and Development Review    Population Council
Competition for talent: heterogenous abilities in team production - Cambridge University Press & Assessment,https://news.google.com/rss/articles/CBMi_AFBVV95cUxQMl82UHRBZWdUY1hEaGxVNWVLVmZGME8xb0JhdzRiajFuYUR4bmRPUVM1a1g3THcxeHpubmpDWWMyLXducEZMbkd3OGh3eFNZZVliUlVJNTJhd01CUDVkVnoydFUxZmpsNXJLQ0hwdEg3bHhTWEtteVgzWTNDX05TY3cwVVpBclBPQ3ZLcDJ2MWp3OEhicXl5V0plQ0VpdWJnTUJSbTdhYTFoVm9zNnRBdkl1SXI3ODM2SGJMUGp3cWpUTjZzeXZidDJNZmZwY1JHTmdDaTlOX0NvOGFORkFqQWdDY0lPb3AyNXJnTnJzT1lwUEp5OHFQb2l0Nk4?oc=5,2025-04-02,Research Coverage,Cambridge University Press & Assessment,Valentina Rotondi,Competition for talent: heterogenous abilities in team production    Cambridge University Press & Assessment
The Prevalence and Persistence of Cousin Marriage in Pakistan - Population Council,https://news.google.com/rss/articles/CBMimAFBVV95cUxOQXhmeExQWEtmLTctc3RuYk1XOUV0RTgtY251Yk1oZE9qQkF4dFc0dGFHbi1wTmtIUUF3V2JyMHlReGNORTRhbTdLTVNnMk0xYUN2dHRwWlVoVTJlbVM2U2lZSXN5dzVOd2tFN0FjVzJtakQwb3I1VmtoWUhFbWJiQmpobkJLWmg4Yk9zam1rbjByZFpnMnZlRQ?oc=5,2025-02-04,Research Coverage,Population Council,Hampton Gaddy,The Prevalence and Persistence of Cousin Marriage in Pakistan    Population Council
"The Potential of Internal Migration to Shape Rural and Urban Populations Across Africa, Asia, and Latin America - Population Council",https://news.google.com/rss/articles/CBMi2AFBVV95cUxQZ3N3VVctMmVQLXU3bEhULUpscWstVnN4Y2VrdWE0RFZ4UHdteVVvOTdHTVhaR3JzUkNBd1h0QUdQalVObHhsR3FwTTlSRFJnelNlMndLY0syVVozU19qbmZpc09Kajc3dmZfLWM2V1NIWEx2SnZsbjJfaS1sV0pMbUhEeUhOczJfZXhqd0lzN3NyUzRqWmNJbGgtTExxcnEtdVQtLVp4WUNKRHdBVUk0TDUwamFDWmhWdWduUk4yMmNqX0hfM2k4R3lJRDZnUWNMMGp4X2F5U00?oc=5,2024-11-18,Research Coverage,Population Council,Hampton Gaddy,"The Potential of Internal Migration to Shape Rural and Urban Populations Across Africa, Asia, and Latin America    Population Council"
"Triangulation for causal loop diagrams: constructing biopsychosocial models using group model building, literature review, and causal discovery - Nature",https://news.google.com/rss/articles/CBMiX0FVX3lxTE9KWEtxcWZoVzFCRmsyalV5ZjlPc2hwTU03OHZSN3AwNWhiSzlmV0tZVHlJNnBNbUZiVkVpX1hDM3JjWmRCaVVsakhud2Q4bmRzMlc0U3Y5Z2pPclUyUHFV?oc=5,2024-11-05,Research Coverage,Nature,Per Block,"Triangulation for causal loop diagrams: constructing biopsychosocial models using group model building, literature review, and causal discovery    Nature"
Superior metabolic improvement of polycystic ovary syndrome traits after GLP1-based multi-agonist therapy - Nature,https://news.google.com/rss/articles/CBMiX0FVX3lxTE9GdEpJbHZPZ0pBZWhIdTdfVG9mLXo1ZnhsbV9qR0FpanhvX2hZeTVlTUNlaDhjX1pMS0d0T2RyTDF6S0MwZ1JLb2pMSTlxYTBSWUxMZ2RoRERkNU91T25B?oc=5,2024-10-01,Research Coverage,Nature,Cecilia Lindgren,Superior metabolic improvement of polycystic ovary syndrome traits after GLP1-based multi-agonist therapy    Nature
Empowerment and integration of refugee women: a transdisciplinary approach - Nature,https://news.google.com/rss/articles/CBMiX0FVX3lxTE0yT3hCOXBuaFlrMlhYVVVIUS11eVktZ2RfQmZnWjQ1LUZoTXowWV9LTC1XNEpWUllyRzJWeFNFUGtwNnFnUmhHWk5waWNZVWRsdU1JUnFVTlBpRkp1Rkxj?oc=5,2024-09-27,Research Coverage,Nature,Valentina Rotondi,Empowerment and integration of refugee women: a transdisciplinary approach    Nature
Puzzle Solved? The COVID-19 Pandemic and Its Impact on Fertility - Population Council,https://news.google.com/rss/articles/CBMimwFBVV95cUxQUWlKWTJtMi1ZSDNSWWZUUm94ZFJ3emwwYlNhcmpwV1FCVE9kUEpjYUN3Q3pJLWtEN05iMno0TnJkb2ltZElEMG1fMmp6bFRNSHZ6dTBCdS1BdVpQN3dlT3FVS0dCZjYzODRpWGh4aXluV0V2alpETFUyV01Ha3h4dlBYSHN0RDRTTlRUaDZKV2VqZ0NnS2FKb3ZPRQ?oc=5,2024-08-21,Research Coverage,Population Council,Hampton Gaddy,Puzzle Solved? The COVID-19 Pandemic and Its Impact on Fertility    Population Council
The long-lasting effect of armed conflicts deaths on the living: Quantifying family bereavement - Science | AAAS,https://news.google.com/rss/articles/CBMiX0FVX3lxTFBRX2s1RzdnWGpjMnpKaEd5YUhUNXdBeVJaMXNwZ1dqLVRrWG4tUjVFUmxEOHZHaTlQOFVzbW9FWmV1MlZkTUJFNTZselZOQzAycDdZS085c0k1c2FxWEFv?oc=5,2024-07-26,Research Coverage,Science | AAAS,Maria Gargiulo,The long-lasting effect of armed conflicts deaths on the living: Quantifying family bereavement    Science | AAAS
The Persistence of Hypergamy - Population Council,https://news.google.com/rss/articles/CBMibEFVX3lxTE9HcTRJeFVOdFZiOUpIX3BQcEY2VVdXZndsZ0F0YmlqX2ZXczVjVGdtUm5zM2RnbnpBX0cweG9qOUNHVGlTaDYzbkowQ3VyVzZ2UjdJQjZIcS1JcjFVemMwV09OclY2TThJNFVQYg?oc=5,2024-07-10,Research Coverage,Population Council,Hampton Gaddy,The Persistence of Hypergamy    Population Council
The gender gap in academic research - Nature,https://news.google.com/rss/articles/CBMiWEFVX3lxTFAteUZ2RDJkdXJRclRkV290R0ZEUXd2MGpCLVZudkNpLWdtQlhuSEZuR3BxbHkzZVotNVJtVC0yNXNfbkx3U3Q3eHRDRXRlZ0dIUS16aW95WnE?oc=5,2024-06-28,Research Coverage,Nature,Valentina Rotondi,The gender gap in academic research    Nature
Air Pollution Policy and Governance - Nature,https://news.google.com/rss/articles/CBMiWEFVX3lxTE8xNi1mV3p4SW5WUWZpRnVQU3V1Q20zdTI4LTE2Q0NRNVFvX3B3bEVxTDhhVWNPY19RekJ6eEs4MlVRWUFPN1Q2MmxpYmNRZ0hVQzdSdzluWmI?oc=5,2024-05-20,Research Coverage,Nature,Kayla Schulte,Air Pollution Policy and Governance    Nature
"""Climate change: past, present and future"" with Prof Sir David Hendry - oxfordmartin.ox.ac.uk",https://news.google.com/rss/articles/CBMiqgFBVV95cUxOX2gxU2lQbEc4S2VObU1oRUN1SjEzMmlrWnV2OTlEdWtxVmJOcUpMNEhIbi1rRGNWU3RPdzNjQmpGOFAzLTNzVzI3MC1GWlpXQjhNM3pTTUg2Mmc2V29LOHo5ZGxLSFQ3ajV3eGdDZHRiRDBCNWNRY0lFUzcxbFJnLWNtWXoyenVYTV95d0dnYVlBTThUS0tzN1J6dEx2MFhPVVo5R1NCeENMZw?oc=5,2024-05-08,Media Mention,oxfordmartin.ox.ac.uk,Sir David Hendry,"""Climate change: past, present and future"" with Prof Sir David Hendry    oxfordmartin.ox.ac.uk"
Professor Max Roser - oxfordmartin.ox.ac.uk,https://news.google.com/rss/articles/CBMiX0FVX3lxTE1OWVhHWmkzUjdPZjRrcnFNT2Rudi10Slp6ajRpY0czWXVqeHFpM0lac1duMTNmRzV5QUVwaUxvX1AwS3pDenpHbnM3MkZRNUxxb2dPTnR6N1FZaE9NeHdv?oc=5,2024-05-07,Media Mention,oxfordmartin.ox.ac.uk,Max Roser,Professor Max Roser    oxfordmartin.ox.ac.uk
Societal Pessimism and the Transition to Parenthood: A Future too Bleak to have Children? - Population Council,https://news.google.com/rss/articles/CBMiuwFBVV95cUxOSlJUYlZvMXQ2eHBUS2FfeGd2QVEyMlc0UnFHTE1NcTJpaG0xZHV2cV9OSmtBa0RQdlJydzlHcUhKUjhIRkh3ZGprbGV3Nk8yOU9BclFEUkZIQ2hVclV1XzNZTU5jdTZ5UFRyQ3ptTDJGX0dBaE5OaGxKUEM3YURRcTAta0lmeUQ1b0IxSExtWDhJNS1tbXM2dEpYNXo0bzhSTnFDMTZNSTN5ME9IQlBoaEc4eURFLW82c2RZ?oc=5,2024-04-09,Research Coverage,Population Council,Hampton Gaddy,Societal Pessimism and the Transition to Parenthood: A Future too Bleak to have Children?    Population Council
"Family Composition, Race, and Teachers’ Perceptions of Parent-Teacher Alliance by Emma Romell (2024) - sociology.wisc.edu",https://news.google.com/rss/articles/CBMizwFBVV95cUxQVU52QXRjajFyT3ZHZ090Tl9sTEdQakJReU0yNmVsckVVOW12ZXhEU2dvQkg2SHhuNTFnNVdCc1NUamJvUmt3RFlqbzdMbERnMTZfUFJacGxQQWxTdW1HcFdCNnU5TEx1UWpDbm5BMTBSN3JWQVJoXzUyakNrdXI5Q1kzcWwxVkhhSjg2aDF5QlFMMFBkRE1QdXB2WC1lTDZEWEZiOVRZQW1iVHQ5UzktbjZGeWZjWXdIcm1KN3VETzhFeS11ZjNBbm1yTThMVVk?oc=5,2024-04-08,Media Mention,sociology.wisc.edu,Emma Romell,"Family Composition, Race, and Teachers’ Perceptions of Parent-Teacher Alliance by Emma Romell (2024)    sociology.wisc.edu"
Linoleic acid induces human ovarian granulosa cell inflammation and apoptosis through the ER-FOXO1-ROS-NFκB pathway | Scientific Reports - Nature,https://news.google.com/rss/articles/CBMiX0FVX3lxTE5oWExNdnAyQ0VLQzdBQ2VKek1wQW0wbTdRY0NHbHFmNjlYazF0Rmd6U2E5MHpWRm5NVkVDODEwakg5b2hBZlQyN1NRRXVYSkxYbTNjejdSMFc2bzJsSWtr?oc=5,2024-03-16,Research Coverage,Nature,Cecilia Lindgren,Linoleic acid induces human ovarian granulosa cell inflammation and apoptosis through the ER-FOXO1-ROS-NFκB pathway | Scientific Reports    Nature
Significance of LHCGR polymorphisms in polycystic ovary syndrome: an association study - Nature,https://news.google.com/rss/articles/CBMiX0FVX3lxTE0wQS02Qnh6VG40OExVUGgzU1FZZjVwT25jRG1FOVBBakdBWjM2azZLdDh3MWhUVWZCRkFzR2tjTF9haE4ydVFSVkFMbWJzLUpTdFdnclFCZWt3RDVhY0tN?oc=5,2023-12-21,Research Coverage,Nature,Cecilia Lindgren,Significance of LHCGR polymorphisms in polycystic ovary syndrome: an association study    Nature
Using network analysis to identify leverage points based on causal loop diagrams leads to false inference - Nature,https://news.google.com/rss/articles/CBMiX0FVX3lxTFBOVkpMRVBnVW1qZUlQbVg2WTlDdXNDaFk3X2prMWJlM0RpNDM1UjZfQkhRNzlBc1B5UXlBTEIwanF1bkhnME8yN3NCVlQyUFpXR1lnR3k4OFlqYXEwcVNF?oc=5,2023-11-29,Research Coverage,Nature,Per Block,Using network analysis to identify leverage points based on causal loop diagrams leads to false inference    Nature
Prof Amia Srinivasan and Prof Ridhi Kashyap win 2023 Philip Leverhulme prize - The Indian EYE,https://news.google.com/rss/articles/CBMiswFBVV95cUxNaU1zRFBST2Z1bGFvNWtIei14ZDVWOGpjS1BqcjVyZ3o3dkJBTE0zQklMZXpadWpIc0otTVZHVUZsdzFsVVI3Z1R3bXN5dE9UMUsxNmg4YjdKaXZOUF8zck5IaXdKRm9qVlN0VlZDd1QyZjlndU5aSmRkSG9Lbzdob1NxQ0FNWlNvMDFPQTliSWtnejZ6QVZGQ2YycTFGQTk2bUVzRTRrTUZnZGoxLVBFanh5Zw?oc=5,2023-10-27,Award,The Indian EYE,Ridhi Kashyap,Prof Amia Srinivasan and Prof Ridhi Kashyap win 2023 Philip Leverhulme prize    The Indian EYE
Demonstrating paths for unlocking the value of cloud genomics through cross cohort analysis - Nature,https://news.google.com/rss/articles/CBMiX0FVX3lxTE4tVUhBdVpwdkhWSVJOaVhKTUxfdUF6d3gwdzZuVlhXMjRHQ3dFM0hvOVVGN3pHS3hRcHhUT0JVV3p0dHk3YXdYTklTX1FoMjl2NWw2dGNqREV2ci1RLWlV?oc=5,2023-09-05,Research Coverage,Nature,Augustine Kong,Demonstrating paths for unlocking the value of cloud genomics through cross cohort analysis    Nature
Migration and Skewed Subnational Sex Ratios among Young Adults - Population Council,https://news.google.com/rss/articles/CBMimgFBVV95cUxPWFE4MHRRX1hhQ3pMeWZBZi0yZnhRdkJUMEdTNUNsNWJjY3JNSXh6Sks1cXVreDlMU21Kd01qb01BZXNaZFpjbmQySW5rWm5sSTJHWnl4b2lYMXlzT2gtMi1ZeF8zMWs1MTgtLS01SmpocnF0RkxHc1ZYLTBFRnZrNHVHbEJGaF93NDVpTnVLMTd1dUFpVkZHSWln?oc=5,2023-08-10,Research Coverage,Population Council,Hampton Gaddy,Migration and Skewed Subnational Sex Ratios among Young Adults    Population Council
Wearable Wonders: How Your Apple Watch Could Gauge Your Mental Resilience - SciTechDaily,https://news.google.com/rss/articles/CBMinwFBVV95cUxNMjEzajFPZ2pmYm9mTjczbi1HZ3lUU3h5V1phV0RrNVRtQXFNenp6R1djMzBRcm12RGl6Wl9KenFNQTFJYWNGYkhGWmFhMjJscjkzbWFzeTd6aWVRVEdwUnN6OHpHMjdHam5zR3NIaFZxam1zVmZBNmJVa2YzbURTV2dQSkVMbGZDTV9CZWhEYWtYZTNZSlVJVVJCazVqU2s?oc=5,2023-05-02,Research Coverage,SciTechDaily,Monica Alexander,Wearable Wonders: How Your Apple Watch Could Gauge Your Mental Resilience    SciTechDaily
Global AIV with Zoonotic Potential - Food and Agriculture Organization,https://news.google.com/rss/articles/CBMikwFBVV95cUxQSjRrbzBtQk9TaUNLMjZ5bU45SGVTTExsN2lwMmstdXNTejBiX0pLQWpEWHJ0OGtscmw3Ny1tWUpEZ283Q1pSdjRZZGRkYlNrd2pocFg3d1NXdE5jV05GU1JudWwzS3BCbWxGcGpENzdjUG1DSlFtbDdkVXpvZ0xJSnV1VzBSVk8zNk54RnBXaVRTQVU?oc=5,2022-09-02,Research Coverage,Food and Agriculture Organization,Thomas Rawson,Global AIV with Zoonotic Potential    Food and Agriculture Organization
Gene–environment correlations across geographic regions affect genome-wide association studies - Nature,https://news.google.com/rss/articles/CBMiX0FVX3lxTE1UZUFpbjNzWHpsd1QxaW4tM2NXbXJLY28yekJQaWU1Y1pnSmNMdFdLWlZReDViZUZFNlNJQ2Zxa0pDV0lKOHRpa1QxNzMzdXUyZ1VPbERiOFlCWVRfYzNr?oc=5,2022-08-22,Research Coverage,Nature,Augustine Kong,Gene–environment correlations across geographic regions affect genome-wide association studies    Nature
Life table construction for crapemyrtle bark scale ( Acanthococcus lagerstroemiae ): the effect of different plant nutrient conditions on insect performance - Nature,https://news.google.com/rss/articles/CBMiX0FVX3lxTFBCeDB0X3Z3dGdBYWxBcWRHUmVkRW5rbjFvVmZUZmxoS3d4VEZ4WlNQbnFHZm9rTWwxdlpxeHFvVGlYdGRxdVNpbnpkR2E3YzFYS3dZRE5HV1RUVnlhSmYw?oc=5,2022-07-06,Research Coverage,Nature,Roberto Salguero-Gomez,Life table construction for crapemyrtle bark scale ( Acanthococcus lagerstroemiae ): the effect of different plant nutrient conditions on insect performance    Nature
Ambient temperature predicts sex ratios and male longevity - PNAS,https://news.google.com/rss/articles/CBMiXEFVX3lxTFAtYW5qcnFTZDJUSUZvZ3VYd1YxZWUzdVVVVFJZS1B5TGhScjYxM0hUMm1jM2R3U1RrMEJxeHZsSDNHN1NSUGt2YWMxODBISGYySnE0MDVSTmNZS01u?oc=5,2022-03-02,Research Coverage,PNAS,Jasmin Abdel Ghany,Ambient temperature predicts sex ratios and male longevity    PNAS
"PNAS Front Matter – Scientific News, Opinions, and Features - PNAS",https://news.google.com/rss/articles/CBMiSEFVX3lxTE5XSFZjR2xpblJfaW92RHYzV25YQU1nTlIyMEJiLXE0dHVVbXZOcG1OVUE5OE1SLWhkeDl4dUtkc0N4elpiTENLbA?oc=5,2022-02-28,Blog/Opinion,PNAS,Jasmin Abdel Ghany,"PNAS Front Matter – Scientific News, Opinions, and Features    PNAS"
Studies in Family Planning Journal Welcomes New Editorial Committee Members - Population Council,https://news.google.com/rss/articles/CBMiqwFBVV95cUxOWWlJUVVnanBGdG1oT0x2SHJwQWZ4X0h3cDl3enlQd1dkeUpMTDVmaUF3YmdGcG5rVl8xRGFiaWJ2SDZhNFhON2hYSTdZeHM4cFEwblVJTFNicEVZc0NEeS15TFVxQjRyTXY3ZFhHbVJGNlhvZTRDWEVjSkNfemxFclZaUDFsak1EOWpmVDlVTGM2anZrN2NjbUw1cTFsbUtkZ19aNkJKYUh3aUU?oc=5,2022-02-08,Research Coverage,Population Council,Hampton Gaddy,Studies in Family Planning Journal Welcomes New Editorial Committee Members    Population Council
Call me Spock - the dedicated and disruptive Melinda Mills takes a (quick) break. - University of Oxford,https://news.google.com/rss/articles/CBMiqgFBVV95cUxQSE9CdjAzbHlNVXl1Tm9tb1NpRDhZamNHckNERklMbWZ1d1JVam1CZnlkVmtFZDJPR29TSENmT3l5UkJfb245MU9TeElZQ3lmem1LczRuOFNPcWxhZGZFSzN6X1NsQzlPZWNpWTFtMFRfS3VKUDFvZ2JlVERKcEZTR2lKdmdfTXZkNVpuazBNbEhBSHRMTW5fS1RlTnFYTXp2M2xBRzBKWVFoQQ?oc=5,2021-06-14,Media Mention,University of Oxford,Melinda Mills,Call me Spock - the dedicated and disruptive Melinda Mills takes a (quick) break.    University of Oxford
Call me Spock - the dedicated and disruptive Melinda Mills takes a (quick) break - University of Oxford,https://news.google.com/rss/articles/CBMickFVX3lxTE5zR080aVpadzl6SjFvVzkwd1h6YVB6U2tNRW14NnlycXNNc0tHV3JlNHgyOE1ncDdEcmhiZkt4aE1Ya1ZURlZUVkUxSnVEbVI5NVBYNFBhX3dqcnEwMzBHcmF1NzltdGZmWmdsR3kxdzV3dw?oc=5,2021-06-14,Media Mention,University of Oxford,Melinda Mills,Call me Spock - the dedicated and disruptive Melinda Mills takes a (quick) break    University of Oxford
Global effects of land-use intensity on local pollinator biodiversity - Nature,https://news.google.com/rss/articles/CBMiX0FVX3lxTE5SSEZycGo0WEdwM18tdGhpV2hQZWNUOGk4Nm9sVS1zOE85ZmVSMUdvR2tFSURUa1dBWEx6Znc0Y1pFTjZjRmw4dkZiLTRLZ3RKY0t0SkNBX1JOd3hodExR?oc=5,2021-05-18,Research Coverage,Nature,Joseph Millard,Global effects of land-use intensity on local pollinator biodiversity    Nature
Colocalization analysis of polycystic ovary syndrome to identify potential disease-mediating genes and proteins - Nature,https://news.google.com/rss/articles/CBMiX0FVX3lxTE9TRVI5Qk1iTnUtZk9DbTdKaDZadmlxZmx4a2I4ZUxtYzNRb3JhTHhqUWJ2NXE3dVREOFJNd1lnbEtxeHRicElmSnBtenV6MVMwTnd2RU1JTk92aUxUNzNF?oc=5,2021-03-04,Research Coverage,Nature,Cecilia Lindgren,Colocalization analysis of polycystic ovary syndrome to identify potential disease-mediating genes and proteins    Nature
Son preference and the fertility squeeze in India | Journal of Demographic Economics - Cambridge University Press & Assessment,https://news.google.com/rss/articles/CBMi9gFBVV95cUxQV3NUTEVZd0FsR21zMThtU09Nc1d3bFlIS1JXMGhzV0JReWNuc2cwM3B4TTR2eUxnSk1RZGlZekdnQ2dyT3VaQV9tY0h5QnoxZGhWWnZEa1hCbTZENkh4elNEUHJnOFBKV1pwV0JiMGstcmNWVjV3c29MU1g3SDdHaHlPczZwU3ozTWw0ZUV4VEtPVUlHanJwOXZleUhZdHI3SFMzZ2RyMFNFYnNnaEJEQkFmQS1mcGZmUVlmVjdKYkZFX3lpVzgta3VNdTJheDFMcm9QMmVxLUtGWi1CZnJxRHhEYUhSM1BoRndDNXVhWXdUTmJ6aFE?oc=5,2021-03-01,Research Coverage,Cambridge University Press & Assessment,Jasmin Abdel Ghany,Son preference and the fertility squeeze in India | Journal of Demographic Economics    Cambridge University Press & Assessment
Diverse variola virus (smallpox) strains were widespread in northern Europe in the Viking Age - Science | AAAS,https://news.google.com/rss/articles/CBMiYEFVX3lxTE1IaU5yUVBKRXJoWXNfNHp0akZSZWZMd2dFX2FsNW90OThSWWs1UDNxekE5THYyVlk2LXR6cmVmeGY3cnQwLWRqeHQwZFhCZnVmMEl6TnVnRTdhcUlLZW9WYg?oc=5,2020-07-24,Research Coverage,Science | AAAS,Romola Davenport,Diverse variola virus (smallpox) strains were widespread in northern Europe in the Viking Age    Science | AAAS
Animal invaders threaten protected areas worldwide - Nature,https://news.google.com/rss/articles/CBMiX0FVX3lxTE1GQi1CT1cwNU5Zem5MZ2RSQXIwMHFWYlJhRHZRQ3BrbDdSN0p2SG1VdXFlck9mMGk2UHlpQ3RsM05WZGdRcXNTNS1xWGRjdzFNT3dqVng1NnFWLWE2MnA4?oc=5,2020-06-08,Research Coverage,Nature,Joseph Millard,Animal invaders threaten protected areas worldwide    Nature
Thromboinflammatory changes in plasma proteome of pregnant women with PCOS detected by quantitative label-free proteomics - Nature,https://news.google.com/rss/articles/CBMiX0FVX3lxTE1Ed2hId1BndkRVR0hzbzBGeHgxOFJJZkJuczF0RC1Uc3V6OWJNSDdqRUx5ZEwzQVpyTFlFTC1GR1l0YlgtVlhYM0xtTHB6RWlmYktNR2tNdnYtOUJ0RjFz?oc=5,2019-11-26,Research Coverage,Nature,Cecilia Lindgren,Thromboinflammatory changes in plasma proteome of pregnant women with PCOS detected by quantitative label-free proteomics    Nature
Metformin induces lipid changes on sphingolipid species and oxidized lipids in polycystic ovary syndrome women - Nature,https://news.google.com/rss/articles/CBMiX0FVX3lxTE5tdXZkcXNWTXpNX05Yc3FqUC15SngzUWVDbUNZdGtvNzRVSUpIVzB3dUQ4eVdscTJGTWtfemtEbm52dC1HUlJHS2J1SlYtNy14WEdkYVdnTUlwY0xaeTFN?oc=5,2019-11-05,Research Coverage,Nature,Cecilia Lindgren,Metformin induces lipid changes on sphingolipid species and oxidized lipids in polycystic ovary syndrome women    Nature
Widespread losses of pollinating insects in Britain - Nature,https://news.google.com/rss/articles/CBMiX0FVX3lxTE5yU29TTUhCM28tSGxFR2xRTVh1VlplSGdxXzlVNnlKSmZTVUNuSUxVZWZUM1FSeGlQakdrdVhpX3VFbjI1dDczRUtPZUQ1b1NoZFJ5RlhVaHk3SVBlU3k0?oc=5,2019-03-26,Research Coverage,Nature,Joseph Millard,Widespread losses of pollinating insects in Britain    Nature
Finding hens in a haystack: Consistency of movement patterns within and across individual laying hens maintained in large groups - Nature,https://news.google.com/rss/articles/CBMiX0FVX3lxTFBQSVpvMmp5c2RpSHQwdm1Sd1N0VklfM1BndEUtOG56a2hWajFBNWhUQzVoQlh3QlRDNDQ0Wmd0M1lILUM3NXR1ajFLd3BLRy1MWEItTUhtYnpyWDMwRzE0?oc=5,2018-08-17,Research Coverage,Nature,Thomas Rawson,Finding hens in a haystack: Consistency of movement patterns within and across individual laying hens maintained in large groups    Nature
Predictive modeling of U.S. health care spending in late life - Science | AAAS,https://news.google.com/rss/articles/CBMiYEFVX3lxTE51MzR4TUVmUkRqMVN0TU5EU3p6OXEtNkdsbXVpcHZJajNubXpod19abmxCYk1TYXY1Yy16eDBtNzlmSDBSTkJMYkVWYWFpYmY4OHlUSFNZdGpRY2ZRVGgyMA?oc=5,2018-06-29,Research Coverage,Science | AAAS,Monica Alexander,Predictive modeling of U.S. health care spending in late life    Science | AAAS
Invasive plants as potential food resource for native pollinators: A case study with two invasive species and a generalist bumble bee - Nature,https://news.google.com/rss/articles/CBMiX0FVX3lxTE90VVdTQkxzbFE5T2g3WHczeXoyMDJoaGRCR2pYTHV1YTE5bXZ1dTBjajlzcGZkazJBal8yekdHbnp2Y2ZBUUxrUnk0bGliY3F4dHRyZ1dtMUtpUTEwZVpj?oc=5,2017-11-24,Research Coverage,Nature,Joseph Millard,Invasive plants as potential food resource for native pollinators: A case study with two invasive species and a generalist bumble bee    Nature
Taxonomic bias in biodiversity data and societal preferences - Nature,https://news.google.com/rss/articles/CBMiX0FVX3lxTFA4SVl0SjVIUEtIcUVpZ19IR2prdmQ3S1lEYXltNnl2TGFEMGdyZkhNRldQMDBmREQwSTJ1aHk3ZjEtSVp5RzVPd2l3aEoyODJ2Ym0tQ1ctaXJzRnBONFZZ?oc=5,2017-08-22,Research Coverage,Nature,Joseph Millard,Taxonomic bias in biodiversity data and societal preferences    Nature
Genome-wide association of polycystic ovary syndrome implicates alterations in gonadotropin secretion in European ancestry populations - Nature,https://news.google.com/rss/articles/CBMiVEFVX3lxTFBiV0EtYW1JaUV6bTBic2MzNDBRd19UMk0tRlRIQVAzQmVUc3AtYWRubWdQcTVGMXN3U0VsdHplLTNxZ1JRV3lhNi1xakRObmowTUpyeQ?oc=5,2015-08-18,Research Coverage,Nature,Cecilia Lindgren,Genome-wide association of polycystic ovary syndrome implicates alterations in gonadotropin secretion in European ancestry populations    Nature
WOMEN'S FOOTBALL: Estonia ace Hannaliis Jaadla out to make her mark at Oxford United - Oxford Mail,https://news.google.com/rss/articles/CBMiswFBVV95cUxQanU3a01LVUJvMFR1N1ZIR0NCb3FhdmN3LWFKX2c4b1l6VmtlOXdWRWx2UEJ0eFFjcmxVVnRkNDB3MzdWOTNuVUl5Z3dEVzFsLVdBNkpUaTlEbDVHaFhzUFowRVVKNHF1NXJqSjlmZUNDQTZLQXdYZFJoMHFVOVVRTVNsbVllTXF4U1JqMDVhMXpzUGlONkloN054V1RCMlJJXzRvZE5laXRHamFoZXlDZVFlMA?oc=5,2015-03-18,Media Mention,Oxford Mail,Hannaliis Jaadla,WOMEN'S FOOTBALL: Estonia ace Hannaliis Jaadla out to make her mark at Oxford United    Oxford Mail
Hannaliis Jaadla: Oxford United Women sign Estonia defender - BBC,https://news.google.com/rss/articles/CBMiWEFVX3lxTFAzNW1nU1FEY1VSclJZeHBDVWxPeGRnWGlVamVFcHI5c0FKOUlpNDlhOEZHVkZ0bEU4Qk5BSDN0V0QzUTJFWm9ucUFTdkowQ01pU3M4OFhYc2E?oc=5,2015-03-18,Media Mention,BBC,Hannaliis Jaadla,Hannaliis Jaadla: Oxford United Women sign Estonia defender    BBC
Hannaliis Jaadla: Oxford United Women sign Estonia defender - BBC,https://news.google.com/rss/articles/CBMiVkFVX3lxTFBtOUgzZWM0SUR4QW1YNlJfQzFXVlJYYW5FR09SRlpPZWlXY2dxNHRKZzBjU05uWnQ4VFg2MVhvMHNJOWZpVVdfOFVOV2t5RHgzM3ZnLUpB?oc=5,2015-03-18,Media Mention,BBC,Hannaliis Jaadla,Hannaliis Jaadla: Oxford United Women sign Estonia defender    BBC
Mobile dune fixation by a fast-growing clonal plant: a full life-cycle analysis - Nature,https://news.google.com/rss/articles/CBMiU0FVX3lxTE9ZYy1oMlprOUVoQ21iNkUzRTQ2by14YWlyTjR3d0EzTVdtR21XajZzTlpsTkx3Mm9IYVRqWnhvWFMwR1JKczNsR0FaVFpjZTdVTVZn?oc=5,2015-03-11,Research Coverage,Nature,Roberto Salguero-Gomez,Mobile dune fixation by a fast-growing clonal plant: a full life-cycle analysis    Nature
Professor Sir David Hendry: Celebrating a career of impact - oxfordmartin.ox.ac.uk,https://news.google.com/rss/articles/CBMinwFBVV95cUxNRElfbWNKNFpITG5ucVoxM1A2aXBDVDRSYUhOOEJwX1U5c2ZEbUI3UHpkUldaWHBDdGZuZzhMejNYbXQ0SUlYRjEtWS1nbTlTa25PRldIakhNY25ocVVfU0drZ2wyY1N2RXZzU3FaNVQyeVRnTXRsQ1Mzc1pnWU5Gd3JnUnA0b3JiX2dWcGUtd1VKdmdCLXRqbFV6VFJOeVE?oc=5,2014-06-09,Media Mention,oxfordmartin.ox.ac.uk,Sir David Hendry,Professor Sir David Hendry: Celebrating a career of impact    oxfordmartin.ox.ac.uk
Lifetime achievement award for Sir David Hendry - University of Oxford,https://news.google.com/rss/articles/CBMihwFBVV95cUxNTlVvclR1aEhpS25FNG1kejRtajl3c1cwcXBKdXVVdW1jS3ZJU0Z3Yncya190WjAtYkNlYXVrSWhRblhPQ3gtTDBGdUVaLW52Umt4aHZ5WVEzR2dMZ3dSQW9kN1M0N0owT3p5SmFreGh4dXpRSVNialU3LXFrWXVZQ09ZbzFzUW8?oc=5,2014-06-06,Award,University of Oxford,Sir David Hendry,Lifetime achievement award for Sir David Hendry    University of Oxford
Genome-wide association study identifies GYS2 as a novel genetic factor for polycystic ovary syndrome through obesity-related condition - Nature,https://news.google.com/rss/articles/CBMiU0FVX3lxTE91cVdZODNCb2FoUXItVFpLd0tRMHdjZ3k0QWJ5bld1Nl95UzNxLU1KY3Z6S0hEekFFaVNpdk8xZlhYQ1JIYng3d1Voak05ZThGVlU0?oc=5,2012-09-06,Research Coverage,Nature,Cecilia Lindgren,Genome-wide association study identifies GYS2 as a novel genetic factor for polycystic ovary syndrome through obesity-related condition    Nature
Conditional Cooperation and Costly Monitoring Explain Success in Forest Commons Management - Science | AAAS,https://news.google.com/rss/articles/CBMiYEFVX3lxTFBtaTJYMFpia3l1UUNtdDVDYzdiUkFkUTR1Q296Q21vbzlzZnFKb1VxRnNlOHFibmo2ZThJS1k5dlVVLXpoZndMZUJQOThXVzRHa2RucTU1bERPVmJxZ3kzMw?oc=5,2010-11-12,Research Coverage,Science | AAAS,Valentina Rotondi,Conditional Cooperation and Costly Monitoring Explain Success in Forest Commons Management    Science | AAAS
Cross-Reactive Antibody Responses to the 2009 Pandemic H1N1 Influenza Virus - NEJM,https://news.google.com/rss/articles/CBMiX0FVX3lxTE8tSVlkUjZqUV9xTWh6UG90N0lZaTBrWEtMbDJLVzFxQTNSQU1DMXZIY0Y3X2R3YWpPU2pSaF9lUnhyTmVXbVNFTGhUZG52YlJHZkpPbjUwaFBCQWtJZW9j?oc=5,2009-09-10,Research Coverage,NEJM,Andrea Tilstra,Cross-Reactive Antibody Responses to the 2009 Pandemic H1N1 Influenza Virus    NEJM
Abnormal sex ratios in human populations: Causes and consequences - PNAS,https://news.google.com/rss/articles/CBMiXEFVX3lxTE0wUVBUNEJHQUlKb0xlRFVIT3p6WnZTbzBGZHY0amY4WHl3SEswVU5ULUJIbDJPYTNrRHdUWFRuUFRrRnp3bnhxUC1KX1FfdWY0RUhuVmRLaWZSejly?oc=5,2006-09-05,Research Coverage,PNAS,Jasmin Abdel Ghany,Abnormal sex ratios in human populations: Causes and consequences    PNAS
The Long-Term Effects of Exposure to Low Doses of Lead in Childhood — An 11-Year Follow-up Report - The New England Journal of Medicine,https://news.google.com/rss/articles/CBMiaEFVX3lxTE1Sb1NRMG9RbTdiYlNyWWppVEt5dWdPaVVIVVRZaWxmWG5lZVdWLUp4cEQ4NEhlZWg3OG5rQUtGTFFlV2lCTmFnUUNDZTAtM2NTdDgya3ZvRnNRYmNFNzVHLTFydTduOGZT?oc=5,1990-01-11,Research Coverage,The New England Journal of Medicine,Charles Lanfear,The Long-Term Effects of Exposure to Low Doses of Lead in Childhood — An 11-Year Follow-up Report    The New England Journal of Medicine
